{
  "name": "xgb_deep",
  "params": {
    "eta": 0.04,
    "max_depth": 10,
    "min_child_weight": 10,
    "subsample": 0.8,
    "colsample_bytree": 0.8,
    "reg_alpha": 0.3,
    "reg_lambda": 2.0,
    "gamma": 0.05
  },
  "te_cols": [
    "SPECIES_ID",
    "OPID",
    "AIRPORT_ID",
    "STATE",
    "AMA",
    "AMO",
    "EMA",
    "EMO"
  ],
  "n_features": 69,
  "train_auc": 0.9721744127544698,
  "val_auc": 0.9184401644552,
  "val_ap": 0.5662140751119583,
  "overfit_gap": 0.05373424829926976,
  "oof_f1": 0.5418422636960686,
  "oof_thr_f1": 0.25609710812568665,
  "thr_rate7": 0.23986497521400452,
  "thr_rate8": 0.2043856680393219,
  "base_rate": 0.06356900559284845,
  "elapsed_s": 320.59942626953125
}